Date,Temperature,Feels Like,Chance of Precipitation,Weather Description,Sunrise,Sunset
2026-10-01 00:00:00-04:00,61.2626,61.51104,0.0,Clear,2026-10-01 07:20:13-04:00,2026-10-01 19:08:43-04:00
2026-10-01 01:00:00-04:00,60.362602,61.444534,0.0,Clear,2026-10-01 07:20:13-04:00,2026-10-01 19:08:43-04:00
2026-10-01 02:00:00-04:00,59.1026,59.84995,0.0,Mainly Clear,2026-10-01 07:20:13-04:00,2026-10-01 19:08:43-04:00
2026-10-01 03:00:00-04:00,57.842598,58.10725,0.0,Cloudy,2026-10-01 07:20:13-04:00,2026-10-01 19:08:43-04:00
2026-10-01 04:00:00-04:00,57.7526,57.70011,0.0,Mainly Clear,2026-10-01 07:20:13-04:00,2026-10-01 19:08:43-04:00
2026-10-01 05:00:00-04:00,56.4926,56.37577,0.0,Mainly Clear,2026-10-01 07:20:13-04:00,2026-10-01 19:08:43-04:00
2026-10-01 06:00:00-04:00,56.8526,58.38511,0.0,Cloudy,2026-10-01 07:20:13-04:00,2026-10-01 19:08:43-04:00
2026-10-01 07:00:00-04:00,56.4026,57.47465,0.0,Clear,2026-10-01 07:20:13-04:00,2026-10-01 19:08:43-04:00
2026-10-01 08:00:00-04:00,56.4026,56.21027,0.0,Sunny,2026-10-01 07:20:13-04:00,2026-10-01 19:08:43-04:00
2026-10-01 09:00:00-04:00,61.4426,64.49806,0.0,Partly Cloudy,2026-10-01 07:20:13-04:00,2026-10-01 19:08:43-04:00
2026-10-01 10:00:00-04:00,66.8426,71.29955,0.0,Mainly Sunny,2026-10-01 07:20:13-04:00,2026-10-01 19:08:43-04:00
2026-10-01 11:00:00-04:00,72.872604,77.05055,0.0,Partly Cloudy,2026-10-01 07:20:13-04:00,2026-10-01 19:08:43-04:00
2026-10-01 12:00:00-04:00,78.0026,81.832504,0.0,Sunny,2026-10-01 07:20:13-04:00,2026-10-01 19:08:43-04:00
2026-10-01 13:00:00-04:00,81.7826,85.40777,0.0,Sunny,2026-10-01 07:20:13-04:00,2026-10-01 19:08:43-04:00
2026-10-01 14:00:00-04:00,82.95261,87.1774,0.0,Mainly Sunny,2026-10-01 07:20:13-04:00,2026-10-01 19:08:43-04:00
2026-10-01 15:00:00-04:00,83.8526,87.31603,0.0,Sunny,2026-10-01 07:20:13-04:00,2026-10-01 19:08:43-04:00
2026-10-01 16:00:00-04:00,83.762596,86.19725,0.0,Sunny,2026-10-01 07:20:13-04:00,2026-10-01 19:08:43-04:00
2026-10-01 17:00:00-04:00,83.582596,83.8074,0.0,Sunny,2026-10-01 07:20:13-04:00,2026-10-01 19:08:43-04:00
2026-10-01 18:00:00-04:00,80.5226,81.63824,0.0,Sunny,2026-10-01 07:20:13-04:00,2026-10-01 19:08:43-04:00
2026-10-01 19:00:00-04:00,74.3126,75.92007,0.0,Sunny,2026-10-01 07:20:13-04:00,2026-10-01 19:08:43-04:00
2026-10-01 20:00:00-04:00,69.7226,72.13109,0.0,Clear,2026-10-01 07:20:13-04:00,2026-10-01 19:08:43-04:00
2026-10-01 21:00:00-04:00,65.8526,67.68767,0.0,Clear,2026-10-01 07:20:13-04:00,2026-10-01 19:08:43-04:00
2026-10-01 22:00:00-04:00,64.8626,67.06923,0.0,Clear,2026-10-01 07:20:13-04:00,2026-10-01 19:08:43-04:00
2026-10-01 23:00:00-04:00,64.052605,65.191696,0.0,Clear,2026-10-01 07:20:13-04:00,2026-10-01 19:08:43-04:00
Last Updated: 2026-10-01 22:46:30.214526